image_url,original_price,price,price_off_percentages,title
https://rukminim1.flixcart.com/image/312/312/xif0q/computer/n/i/u/-original-imagpa5fbvqzk2xn.jpeg?q=70,"₹ 55,490","₹36,950",33% off,"Lenovo IdeaPad 3 Intel Core i3 11th Gen - (8 GB/512 GB SSD/Windows 11 Home) 82H801L7IN | 82H802FJIN | ... ₹36,950 Free delivery Upto  Bank Offer"
https://rukminim1.flixcart.com/image/312/312/xif0q/computer/n/i/u/-original-imagpa5fbvqzk2xn.jpeg?q=70,"₹ 84,590","₹50,990",39% off,"Lenovo IdeaPad Slim 3 Intel Core i5 11th Gen - (16 GB/512 GB SSD/Windows 11 Home) 15ITL6 Thin and Ligh... ₹50,990 Free delivery Hot Deal Upto "
https://rukminim1.flixcart.com/image/312/312/xif0q/computer/q/e/z/-original-imagpxgqesgrthks.jpeg?q=70,"₹ 50,990","₹34,990",31% off,"ASUS Vivobook 15 Core i3 11th Gen - (8 GB/512 GB SSD/Windows 11 Home) X515EA-EJ322WS | X515EA-EJ328WS ... ₹34,990 Free delivery by Upto  Bank Offer"
https://rukminim1.flixcart.com/image/312/312/xif0q/computer/z/b/z/-original-imagmmng8dppnn4v.jpeg?q=70,"₹ 46,090","₹28,490",38% off,"Lenovo Intel Celeron Dual Core - (8 GB/256 GB SSD/Windows 11 Home) 81WQ00MQIN|81WQ00NXIN Laptop ₹28,490 Free delivery by No Cost EMI from ₹4,749/month Bank Offer"
https://rukminim1.flixcart.com/image/312/312/kp5sya80/screen-guard/tempered-glass/o/v/n/apple-macbook-air-m1-13-3-inch-lightwings-original-imag3gh5xftgbpg3.jpeg?q=70,"₹ 99,900","₹81,990",17% off,"APPLE 2020 Macbook Air M1 - (8 GB/256 GB SSD/Mac OS Big Sur) MGN63HN/A ₹81,990 Free delivery by Upto  Bank Offer"
https://rukminim1.flixcart.com/image/312/312/xif0q/computer/n/h/v/-original-imagq9hcmgg3etg8.jpeg?q=70,"₹ 69,990","₹42,990",38% off,"ASUS Vivobook 15 Core i5 11th Gen - (8 GB/512 GB SSD/Windows 11 Home) X515EA-EJ522WS Thin and Light La... ₹42,990 Free delivery by Upto  Bank Offer"
https://rukminim1.flixcart.com/image/312/312/xif0q/computer/u/m/k/-original-imagzyfzhzcw8wvp.jpeg?q=70,"₹ 59,119","₹38,490",34% off,"DELL Inspiron Core i3 11th Gen - (8 GB/512 GB SSD/Windows 11 Home) Inspiron 3511 Thin and Light Laptop ₹38,490 Free delivery by Hot Deal Upto "
https://rukminim1.flixcart.com/image/312/312/ky90scw0/computer/k/7/k/ideapad-slim-82h801lgin-laptop-lenovo-original-imagagrpkzaxrcdc.jpeg?q=70,"₹ 60,090","₹34,990",41% off,"Lenovo IdeaPad 3 Core i3 11th Gen - (8 GB/256 GB SSD/Windows 11 Home) 15ITL6 Laptop ₹34,990 Free delivery Upto  Bank Offer"
https://rukminim1.flixcart.com/image/312/312/l5fnhjk0/computer/h/g/l/inbook-x1-neo-thin-and-light-laptop-infinix-original-imagg49gbqxuhfha.jpeg?q=70,"₹ 39,999","₹22,990",42% off,"Infinix INBook X1 Neo Series Celeron Quad Core - (8 GB/256 GB SSD/Windows 11 Home) XL22 Thin and Light... ₹22,990 Free delivery by Daily Saver Upto "
https://rukminim1.flixcart.com/image/312/312/xif0q/computer/i/j/u/-original-imaggzes4pd7ptkx.jpeg?q=70,"₹ 75,990","₹65,990",13% off,"ASUS TUF Gaming A15 Ryzen 5 Hexa Core AMD R5-4600H - (8 GB/1 TB SSD/Windows 11 Home/4 GB Graphics/NVID... ₹65,990 Free delivery by Upto  Bank Offer"
https://rukminim1.flixcart.com/image/312/312/ks99aq80/computer/y/z/7/na-gaming-laptop-lenovo-original-imag5ve3jvhgvsnx.jpeg?q=70,"₹ 81,990","₹53,990",34% off,"Lenovo IdeaPad Gaming 3 Intel Core i5 11th Gen - (8 GB/512 GB SSD/Windows 11 Home/4 GB Graphics/NVIDIA... ₹53,990 Free delivery Upto  Bank Offer"
https://rukminim1.flixcart.com/image/312/312/xif0q/computer/9/z/x/14alc7-thin-and-light-laptop-lenovo-original-imaggujjhgppfkfg.jpeg?q=70,"₹ 86,690","₹59,508",31% off,"Lenovo IdeaPad Flex 5 Intel Core i3 12th Gen - (8 GB/512 GB SSD/Windows 11 Home) 14IAU7 Thin and Light... ₹59,508 Free delivery Upto  Bank Offer"
https://rukminim1.flixcart.com/image/312/312/ksez24w0/computer/h/8/9/rmnb1001-thin-and-light-laptop-realme-original-imag5zhgcstmjbxg.jpeg?q=70,"₹ 54,999","₹35,990",34% off,"realme Book (Slim) Core i3 11th Gen - (8 GB/256 GB SSD/Windows 10 Home) RMNB1001 Thin and Light Laptop ₹35,990 Free delivery by Upto  Bank Offer"
https://rukminim1.flixcart.com/image/312/312/xif0q/computer/t/z/o/xl30-thin-and-light-laptop-infinix-original-imagzmncf5snymhu.jpeg?q=70,"₹ 34,990","₹23,490",32% off,"Infinix Y1 Plus Neo Intel Celeron Quad Core 11th Gen - (8 GB/256 GB SSD/Windows 11 Home) XL30 Thin and... ₹23,490 Free delivery by Hot Deal Upto "
https://rukminim1.flixcart.com/image/312/312/xif0q/computer/4/v/9/-original-imagp7pfeutcgxrn.jpeg?q=70,"₹ 47,279","₹35,990",23% off,"HP 14s Intel Core i3 11th Gen - (8 GB/256 GB SSD/Windows 11 Home) 14s - dy2507TU Thin and Light Laptop ₹35,990 Free delivery by Upto  Bank Offer"
https://rukminim1.flixcart.com/image/312/312/xif0q/computer/l/l/u/-original-imagp7pf4hphhyhu.jpeg?q=70,"₹ 59,109","₹50,490",14% off,"HP Ryzen 5 Hexa Core 5500U - (16 GB/512 GB SSD/Windows 11 Home) 15s- eq2182AU Thin and Light Laptop ₹50,490 Free delivery by Upto  Bank Offer"
https://rukminim1.flixcart.com/image/312/312/l5bd5zk0/computer/o/l/w/15-fa0353tx-gaming-laptop-hp-original-imaggytdx6zpv6qg.jpeg?q=70,"₹ 74,829","₹62,890",15% off,"HP Victus Core i5 12th Gen - (8 GB/512 GB SSD/Windows 11 Home/4 GB Graphics/NVIDIA GeForce GTX 1650/14... ₹62,890"
https://rukminim1.flixcart.com/image/312/312/xif0q/computer/n/i/u/-original-imagpa5fbvqzk2xn.jpeg?q=70,"₹ 62,999","₹39,900",36% off,"Lenovo IdeaPad Slim 3 Intel Core i3 11th Gen - (8 GB/512 GB SSD/Windows 11 Home) 81X800J3IN|81X800LGIN... ₹39,900 Free delivery No Cost EMI from ₹6,650/month Bank Offer"
https://rukminim1.flixcart.com/image/312/312/xif0q/computer/b/e/h/-original-imagjyc69gh3a8wu.jpeg?q=70,"₹ 84,990","₹55,999",34% off,"Acer Aspire 7 Ryzen 5 Hexa Core AMD R5-5500U - (8 GB/512 GB SSD/Windows 11 Home/4 GB Graphics/NVIDIA G... ₹55,999 Free delivery Bank Offer"
https://rukminim1.flixcart.com/image/312/312/xif0q/computer/j/m/2/-original-imagpa5gadtkbm6y.jpeg?q=70,"₹ 67,090","₹40,990",38% off,"Lenovo IdeaPad 3 Core i3 12th Gen - (8 GB/512 GB SSD/Windows 11 Home) 14IAU7 Thin and Light Laptop ₹40,990 Free delivery by Upto  Bank Offer"
https://rukminim1.flixcart.com/image/312/312/l0sgyvk0/computer/n/n/1/14alc05-thin-and-light-laptop-lenovo-original-imagchxwvqxpfxrh.jpeg?q=70,"₹ 83,890","₹61,990",26% off,"Lenovo IdeaPad Flex 5 Ryzen 5 Hexa Core 5500U - (8 GB/512 GB SSD/Windows 11 Home) 14ALC05 2 in 1 Lapto... ₹61,990 Free delivery Hot Deal Upto "
https://rukminim1.flixcart.com/image/312/312/xif0q/computer/j/m/2/-original-imagpa5gadtkbm6y.jpeg?q=70,"₹ 82,490","₹57,800",29% off,"Lenovo IdeaPad 3 Intel Core i5 12th Gen - (16 GB/512 GB SSD/Windows 11 Home) 15IAU7 Thin and Light Lap... ₹57,800 Free delivery Daily Saver Upto "
https://rukminim1.flixcart.com/image/312/312/xif0q/computer/u/u/k/-original-imagmxuravjcmdwu.jpeg?q=70,"₹ 44,990","₹27,990",37% off,"Infinix INBook Y1 Plus Intel Core i3 10th Gen - (8 GB/256 GB SSD/Windows 11 Home) XL28 Thin and Light ... ₹27,990 Free delivery by Upto  Bank Offer"
https://rukminim1.flixcart.com/image/312/312/l2qhjm80/computer/l/t/g/gf63-thin-11uc-867in-gaming-laptop-msi-original-imageyk5hzuthuyf.jpeg?q=70,"₹ 70,990","₹54,990",22% off,"MSI Core i5 11th Gen - (16 GB/512 GB SSD/Windows 11 Home/4 GB Graphics/NVIDIA GeForce GTX 1650) GF63 T... ₹54,990 Free delivery by Upto  No Cost EMI from ₹4,583/month"
https://rukminim1.flixcart.com/image/312/312/xif0q/computer/7/o/r/-original-imagnc38zedzfnw6.jpeg?q=70,"₹ 44,999","₹31,990",28% off,"Acer Extensa (2023) Core i3 - (8 GB/256 GB SSD/Windows 11 Home) EX215-33 Notebook ₹31,990 Free delivery by Hot Deal Upto "
https://rukminim1.flixcart.com/image/312/312/xif0q/computer/b/l/n/xl30-thin-and-light-laptop-infinix-original-imagzmncmw5wukam.jpeg?q=70,,"₹39,990",,"Infinix Y1 Plus Neo Intel Celeron Quad Core 11th Gen - (8 GB/512 GB SSD/Windows 11 Home) XL30 Thin and... ₹39,990 Free delivery by Upto  Bank Offer"
https://rukminim1.flixcart.com/image/312/312/kwmfqfk0/computer/8/l/2/ideapad-3-14acl6-thin-and-light-laptop-lenovo-original-imag99kmftdeexpz.jpeg?q=70,"₹ 67,990","₹50,990",25% off,"Lenovo IdeaPad Ryzen 5 Hexa Core 5500U - (8 GB/512 GB SSD/Windows 11 Home) ideapad 3 14ALC6UB Thin and... ₹50,990 Free delivery Hot Deal Upto "
https://rukminim1.flixcart.com/image/312/312/kynb6vk0/computer/k/j/a/-original-imagaufne7h4hgbz.jpeg?q=70,"₹ 93,690","₹64,990",30% off,"Lenovo IdeaPad Gaming 3 Intel Core i5 11th Gen - (8 GB/512 GB SSD/Windows 11 Home/4 GB Graphics/NVIDIA... ₹64,990 Free delivery Hot Deal Upto "
https://rukminim1.flixcart.com/image/312/312/xif0q/computer/5/6/i/-original-imaggshd5zgfe8ev.jpeg?q=70,"₹ 39,995","₹34,990",12% off,"HP 15s (2023) Ryzen 3 Dual Core 3250U - (8 GB/512 GB SSD/Windows 11 Home) 15s- eq1580AU Thin and Light... ₹34,990 Free delivery by Upto  Bank Offer"
https://rukminim1.flixcart.com/image/312/312/xif0q/computer/j/r/j/-original-imagp7pfqggfaqqm.jpeg?q=70,"₹ 49,425","₹39,990",19% off,"HP 15s Intel Core i3 11th Gen - (8 GB/512 GB SSD/Windows 11 Home) 15s-fr2511TU Thin and Light Laptop ₹39,990 Free delivery by Upto  Bank Offer"
https://rukminim1.flixcart.com/image/312/312/xif0q/computer/m/e/i/v15-laptop-lenovo-original-imaghvguhkzhedwq.jpeg?q=70,"₹ 69,525","₹36,990",46% off,"Lenovo Ryzen 5 Hexa Core 5500U - (8 GB/512 GB SSD/Windows 11 Home) V15 Thin and Light Laptop ₹36,990 Free delivery Bank Offer"
https://rukminim1.flixcart.com/image/312/312/kp2y2kw0/computer/d/s/h/na-thin-and-light-laptop-lenovo-original-imag3dz5ut6ds7eg.jpeg?q=70,"₹ 78,290","₹50,990",34% off,"Lenovo IdeaPad Ryzen 5 Hexa Core 5500U - (8 GB/512 GB SSD/Windows 10 Home) IdeaPad 5 15ALC05 Thin and ... ₹50,990 Free delivery Hot Deal Upto "
https://rukminim1.flixcart.com/image/312/312/xif0q/computer/5/6/i/-original-imaggshd5zgfe8ev.jpeg?q=70,"₹ 35,147","₹31,990",8% off,"HP 15s (2023) Athlon Dual Core 3050U - (8 GB/512 GB SSD/Windows 11 Home) 15s-ey1509AU Thin and Light L... ₹31,990 Free delivery by Hot Deal Upto "
https://rukminim1.flixcart.com/image/312/312/xif0q/computer/o/7/1/-original-imagpxgrmuazgfce.jpeg?q=70,"₹ 86,990","₹60,160",30% off,"ASUS VivoBook 16X Ryzen 7 Octa Core 5800H - (16 GB/512 GB SSD/Windows 11 Home) M1603QA-MB711WS Thin an... ₹60,160 Free delivery Lowest price since launch Bank Offer"
https://rukminim1.flixcart.com/image/312/312/xif0q/computer/g/h/i/-original-imagpxgrhgrsrppn.jpeg?q=70,"₹ 74,990","₹50,990",32% off,"ASUS Vivobook 16 (2023) Ryzen 5 Hexa Core 7530U - (16 GB/512 GB SSD/Windows 11 Home) M1605YA-MB541WS L... ₹50,990 Free delivery by Lowest price since launch Upto "
https://rukminim1.flixcart.com/image/312/312/xif0q/computer/4/b/h/-original-imagp7pfa6tscqpx.jpeg?q=70,"₹ 59,237","₹58,990",,"HP 15s (2023) Intel Core i5 11th Gen - (16 GB/512 GB SSD/Windows 11 Home) 15s-fr4001TU Thin and Light ... ₹58,990 Free delivery by Upto  Bank Offer"
https://rukminim1.flixcart.com/image/312/312/kynb6vk0/computer/k/j/a/-original-imagaufne7h4hgbz.jpeg?q=70,"₹ 76,890","₹53,990",29% off,"Lenovo Ideapad Gaming 3 Ryzen 5 Hexa Core AMD R5-5600H - (8 GB/512 GB SSD/Windows 11 Home/4 GB Graphic... ₹53,990 Free delivery Hot Deal Upto "
https://rukminim1.flixcart.com/image/312/312/ks99aq80/computer/y/z/7/na-gaming-laptop-lenovo-original-imag5ve3jvhgvsnx.jpeg?q=70,"₹ 1,13,290","₹72,990",35% off,"Lenovo IdeaPad Gaming 3 Ryzen 7 Octa Core AMD R7-5800H - (16 GB/512 GB SSD/Windows 11 Home/4 GB Graphi... ₹72,990 Free delivery Hot Deal Upto "
https://rukminim1.flixcart.com/image/312/312/xif0q/computer/i/n/w/-original-imagqs9vc7ecv4vj.jpeg?q=70,"₹ 38,990","₹27,990",28% off,"ASUS Vivobook Go 15 Celeron Dual Core - (8 GB/512 GB SSD/Windows 11 Home) E510MA-EJ021WS Thin and Ligh... ₹27,990 Free delivery by Upto  Bank Offer"
https://rukminim1.flixcart.com/image/312/312/xif0q/computer/k/h/a/-original-imagnqmwbbxzm8tp.jpeg?q=70,"₹ 58,990","₹39,990",32% off,"MSI Core i3 12th Gen - (8 GB/512 GB SSD/Windows 11 Home) Modern 14 C12M-445IN Thin and Light Laptop ₹39,990 Free delivery by Lowest price since launch Upto "
https://rukminim1.flixcart.com/image/312/312/xif0q/computer/0/x/z/15ach6-gaming-laptop-lenovo-original-imaghnqezskfgzas.jpeg?q=70,"₹ 1,20,290","₹84,990",29% off,"Lenovo Legion Ryzen 7 Octa Core 5800H - (16 GB/512 GB SSD/Windows 11 Home/4 GB Graphics/NVIDIA GeForce... ₹84,990 Free delivery Hot Deal Upto "
https://rukminim1.flixcart.com/image/312/312/xif0q/computer/y/u/w/15iah7-gaming-laptop-lenovo-original-imagkwgynhhrynkc.jpeg?q=70,"₹ 99,999","₹79,999",20% off,"Lenovo IdeaPad Gaming 3 Intel Core i5 12th Gen - (16 GB/512 GB SSD/Windows 11 Home/4 GB Graphics/NVIDI... ₹79,999 Free delivery Bank Offer"
https://rukminim1.flixcart.com/image/312/312/xif0q/computer/b/j/7/bravo-15-b5ed-notebook-msi-original-imagz3rya2qqbhjt.jpeg?q=70,"₹ 69,990","₹55,990",20% off,"MSI Bravo 15 Ryzen 7 Octa Core 5800H - (8 GB/512 GB SSD/Windows 11 Home/4 GB Graphics/AMD Radeon RX650... ₹55,990 Free delivery by Lowest price since launch Upto "
https://rukminim1.flixcart.com/image/312/312/xif0q/computer/7/o/r/-original-imagnc38zedzfnw6.jpeg?q=70,"₹ 45,999","₹33,990",26% off,"Acer Extensa (2023) Core i3 - (8 GB/512 GB SSD/Windows 11 Home) EX215-33 Notebook ₹33,990 Free delivery by Hot Deal Upto "
https://rukminim1.flixcart.com/image/312/312/xif0q/computer/y/l/e/-original-imagp8xz5bfrpzvz.jpeg?q=70,"₹ 75,059","₹60,990",18% off,"HP 15s Intel Core i5 12th Gen - (16 GB/512 GB SSD/Windows 11 Home) 15s-fq5112TU Thin and Light Laptop ₹60,990 Free delivery by Lowest price since launch No Cost EMI from ₹10,165/month"
https://rukminim1.flixcart.com/image/312/312/xif0q/computer/t/d/v/xl30-thin-and-light-laptop-infinix-original-imagzmncdyme776h.jpeg?q=70,"₹ 39,990","₹25,990",35% off,"Infinix Y1 Plus Neo Intel Celeron Quad Core 11th Gen - (8 GB/512 GB SSD/Windows 11 Home) XL30 Thin and... ₹25,990 Free delivery by Hot Deal Upto "
https://rukminim1.flixcart.com/image/312/312/xif0q/computer/9/z/x/14alc7-thin-and-light-laptop-lenovo-original-imaggujjhgppfkfg.jpeg?q=70,"₹ 1,10,090","₹76,860",30% off,"Lenovo IdeaPad Flex 5 Ryzen 7 Octa Core 5700U - (16 GB/512 GB SSD/Windows 11 Home) 14ALC7 Thin and Lig... ₹76,860 Free delivery Upto  Bank Offer"
https://rukminim1.flixcart.com/image/312/312/xif0q/computer/l/y/8/16arh7h-gaming-laptop-lenovo-original-imagmg7vafrxd7br.jpeg?q=70,"₹ 2,51,890","₹1,91,990",23% off,"Lenovo Legion 5 Pro Ryzen 7 Octa Core 6800H - (32 GB/1 TB SSD/Windows 11 Home/8 GB Graphics/NVIDIA GeF... ₹1,91,990 Free delivery Upto  Bank Offer"